WKT,Id,Buidling Type,Levels,width,height,angle,area,perimeter
"POINT (14.3628876781151 50.96556883545)","62267884",yes,,17.103125,7.286971,110.220315,124.629982,48.780192
"POINT (14.3607158319898 50.9652205329553)","62267885",residential,"1",10.828176,14.985566,119.782723,162.266344,51.627484
"POINT (14.3613627099565 50.9646444934243)","62267887",yes,,12.649883,17.295942,114.904251,218.791641,59.891650
"POINT (14.3602998746891 50.9659264787927)","62267889",residential,"2",12.191812,20.403844,111.426693,248.759839,65.191313
"POINT (14.3615346376937 50.96379670111)","62267892",yes,,7.947676,4.503894,107.798624,35.795491,24.903140
"POINT (14.3618001938104 50.9640941619861)","62267894",yes,,5.299025,7.354435,107.432776,38.971336,25.306920
"POINT (14.3601319842253 50.9657713731655)","62267896",yes,,6.774999,13.498297,116.599915,91.450944,40.546591
"POINT (14.3631138951464 50.9654743337101)","62267897",house,"1",11.412088,32.086988,116.792088,366.179525,86.998151
"POINT (14.3606715202119 50.964994430562)","62267898",barn,,10.522540,5.155767,110.932424,54.251762,31.356614
"POINT (14.3586602320343 50.9657830758469)","62267899",yes,,10.918232,6.927847,105.896315,75.639836,35.692157
"POINT (14.3630703747098 50.9656319068893)","62267900",yes,,6.567658,11.762427,113.897087,77.251594,36.660169
"POINT (14.3618441493633 50.966701590078)","62267901",house,"1",10.797606,10.946375,141.933459,118.194643,43.487962
"POINT (14.3613228286313 50.9644304641766)","62267902",house,"1",11.734338,11.063843,112.094275,129.826882,45.596363
"POINT (14.3616392249854 50.9663297234359)","62267903",residential,"1",23.813548,14.017751,131.132948,333.812376,75.662597
"POINT (14.3613381384654 50.9657535553439)","62267905",residential,"1",11.693588,19.248162,109.817533,225.080088,61.883502
"POINT (14.3591752133256 50.9653302419331)","62267906",house,"1",15.555573,10.309785,112.233351,160.374611,51.730716
"POINT (14.3598981790786 50.9662533978098)","62267907",industrial,,3.285684,4.006548,116.048586,13.164251,14.584464
"POINT (14.3618239105415 50.9634496733149)","62267908",house,"1",9.637915,11.042636,177.714696,106.427984,41.361101
"POINT (14.3612304556988 50.9646605767594)","62267909",yes,,6.640530,3.169746,101.361851,21.048794,19.620552
"POINT (14.3611602781837 50.9660911560973)","62267910",residential,"1",17.923236,19.786828,116.047533,354.643973,75.420126
"POINT (14.3630647658986 50.9663372040026)","62267911",house,"1",10.186811,7.765584,113.389178,79.106532,35.904789
"POINT (14.3607215982961 50.9668501206562)","62267912",chapel,,6.443012,5.920007,118.000398,38.142676,24.726038
"POINT (14.3628907913486 50.9664326786287)","62267913",house,"1",10.160456,7.738221,113.195361,78.623848,35.797353
"POINT (14.3597650581266 50.9651566875355)","62267916",yes,,8.949810,5.003572,114.463259,44.781024,27.906765
"POINT (14.3606314659046 50.9668540954629)","62267917",yes,,2.934508,5.945056,116.767826,17.445815,17.759128
"POINT (14.361838081228 50.96497948183)","62267918",house,"1",13.235674,16.159315,113.265700,213.879420,58.789977
"POINT (14.3601838948425 50.9649994585739)","62267919",house,"1",32.689752,20.668911,112.198064,675.661581,106.717326
"POINT (14.3631514105462 50.9662896847006)","62267920",house,"1",10.551557,7.821253,113.389087,82.526402,36.745621
"POINT (14.3611066860069 50.9648718344225)","62267922",house,"1",10.146840,21.781010,106.698263,221.008421,63.855700
"POINT (14.3605495043211 50.9659586695967)","62267923",house,"1",9.472567,8.799282,115.517551,83.351785,36.543697
"POINT (14.3624234200641 50.9654865264572)","62267924",house,"2",12.942717,21.704931,118.571783,280.920778,69.295296
"POINT (14.3594950164861 50.9668023075518)","62267925",yes,,9.880397,18.207189,125.762321,179.894254,56.175172
"POINT (14.3616862298011 50.9651908874484)","62267927",yes,,8.508839,17.197231,102.418450,146.328464,51.412139
"POINT (14.3621404441582 50.9657592071208)","62267928",house,"1",12.323878,18.846929,113.229649,232.267256,62.341614
"POINT (14.3614481801831 50.9660091747282)","62267929",civic,"3",12.507365,22.071406,117.502642,276.055134,69.157542
"POINT (14.358620354106 50.9657051763273)","62267932",yes,,8.434605,7.434048,117.188390,62.703262,31.737307
"POINT (14.3612458263869 50.9651714800435)","62267933",yes,,9.933660,4.619956,115.230795,45.893075,29.107233
"POINT (14.358994007189 50.965906143208)","62267934",house,"1",15.948671,7.977491,169.093438,127.230381,47.852325
"POINT (14.3595285916048 50.9661718823051)","62267936",civic,"1",26.409385,15.377802,33.226826,406.118309,83.574375
"POINT (14.3619947433613 50.9645957946802)","62267937",yes,,6.117064,3.351819,105.893335,20.503292,18.937766
"POINT (14.3607025192199 50.9659103378864)","62267940",house,"4",10.050379,15.540086,117.370530,156.183750,51.180930
"POINT (14.3622002601061 50.9652023315462)","62267942",yes,,6.785295,14.626476,154.418617,99.244962,42.823543
"POINT (14.3611893726881 50.9638469074123)","62267943",hotel,"2",40.560125,19.564864,107.610424,793.553337,120.249979
"POINT (14.3604033358484 50.9648590950481)","62267944",house,"1",14.761758,17.323221,114.150780,255.721198,64.169958
"POINT (14.3601007686284 50.9662570344876)","62267945",house,"3",17.724997,22.516600,101.427703,399.106666,80.483194
"POINT (14.3618946111086 50.9641496665474)","62267946",yes,,10.421271,16.734947,105.787658,174.399421,54.312437
"POINT (14.3618052758588 50.9645490115512)","62267947",house,"1",11.941912,14.613699,120.650668,174.515507,53.111222
"POINT (14.3615786646639 50.9636958952494)","62267948",yes,,6.204558,5.704920,109.396441,35.396505,23.818955
"POINT (14.3621243537186 50.9659237611736)","62267949",house,"1",8.176650,13.024764,115.706774,106.498931,42.402827
"POINT (14.3616246483275 50.9642463958659)","62267950",yes,,30.905171,17.724478,102.698057,547.778036,97.259299
"POINT (14.3621191358011 50.9653900306898)","62267951",house,,10.055152,21.600923,26.565051,217.200570,63.312151
"POINT (14.3624499623897 50.9665577771966)","62267952",house,"1",12.010719,11.337334,114.094088,136.169538,46.696107
"POINT (14.3592965648988 50.9655495097002)","62267953",house,"1",13.463423,15.563405,119.879756,209.536715,58.053657
"POINT (14.3597619854829 50.9650185052299)","62267954",house,"2",10.226852,10.947598,119.633583,111.959465,42.348900
"POINT (14.3588060016309 50.9657718364263)","62267956",yes,,7.987463,15.587163,107.283491,124.501896,47.149253
"POINT (14.3602216675152 50.965421599729)","62267957",house,"1",9.718493,15.029544,113.889943,146.064522,49.496074
"POINT (14.3613376618686 50.9664497375437)","62267958",house,"1",27.792754,10.492320,125.003464,291.610469,76.570148
"POINT (14.3589812455775 50.9661837926901)","62267960",residential,"1",7.688336,19.100883,135.242180,146.854006,53.578438
"POINT (14.3607295000726 50.9664673203727)","62267961",church,,34.077419,52.403061,178.767045,1785.761048,172.960959
"POINT (14.3610725032249 50.9650646414011)","62267963",house,"1",14.208116,21.460357,112.805720,304.911243,71.336946
"POINT (14.3596444262245 50.9669710911296)","62267965",residential,"1",20.584680,32.097842,35.881384,660.723810,105.365044
"POINT (14.3624058799464 50.9661484921743)","62267966",yes,,6.071655,3.441778,29.831175,20.897288,19.026866
"POINT (14.3629779816161 50.9663848876976)","62267967",house,"1",10.551813,7.753259,113.195272,81.810935,36.610143
"POINT (14.3588428611681 50.965683234691)","62267969",house,"1",14.427124,31.737879,111.072736,457.886308,92.330006
"POINT (14.3595572835891 50.9665814792587)","62267971",yes,,5.377769,3.459184,122.213789,18.602692,17.673906
"POINT (14.3618128356833 50.9652682369825)","62267972",residential,"1",16.985185,13.241282,101.830721,224.905629,60.452935
"POINT (14.3613187663915 50.9661895789352)","62267973",yes,,7.311005,7.989312,115.633147,58.409894,30.600632
"POINT (14.3620704232383 50.964477537364)","62267974",house,"1",11.368862,11.897332,115.309244,135.259124,46.532388
"POINT (14.3622455596845 50.9664039612001)","62267975",yes,,6.960095,9.384017,131.224010,65.313651,32.688224
"POINT (14.3560585976602 50.967918396019)","358604601",house,"1",13.161637,10.390239,92.840553,136.752547,47.103751
"POINT (14.3605098774168 50.9618023148796)","358604603",residential,"1",16.871044,12.444210,101.580289,209.946815,58.630508
"POINT (14.371548506671 50.9631162726427)","358604605",house,"1",11.506509,16.823590,134.829209,193.580782,56.660197
"POINT (14.3677373559035 50.9715405877008)","358604608",house,"1",10.903438,7.924994,149.111647,86.409682,37.656864
"POINT (14.3679305733691 50.9716306484338)","358604609",residential,"1",7.681882,12.222584,147.468860,93.892444,39.808931
"POINT (14.3706465328711 50.9702241857296)","358604610",house,"1",10.419037,14.082860,151.449781,146.729846,49.003795
"POINT (14.3613942903331 50.9672380842166)","358604615",residential,"1",13.303272,20.876562,131.384902,277.726585,68.359668
"POINT (14.3571318628863 50.9668508621893)","358604616",house,"1",22.920726,20.668371,115.190945,473.734063,87.178194
"POINT (14.3692408544989 50.9603468086972)","358604617",residential,"1",11.605159,9.485576,5.878492,110.081614,42.181469
"POINT (14.3587591202753 50.9669864759135)","358604618",barn,,15.241460,26.112674,113.878511,397.995275,82.708268
"POINT (14.3757761641463 50.9622115343224)","358604619",residential,"1",16.018182,15.766018,90.000000,252.542947,63.568400
"POINT (14.355238819255 50.9681075082335)","358604620",residential,"1",12.262037,11.385692,156.667612,139.611775,47.295458
"POINT (14.3452414661314 50.9720688711594)","358604621",house,"2",15.843600,12.683039,162.357855,200.945003,57.053279
"POINT (14.345535172675 50.9722922356477)","358604622",residential,"1",9.661551,13.950045,167.517827,134.779075,47.223193
"POINT (14.3453753996734 50.9736253300657)","358604623",residential,"1",8.949265,16.186883,74.578845,144.860714,50.272297
"POINT (14.3681276155433 50.971720425971)","358604625",residential,"1",9.342283,10.241185,148.223113,95.676050,39.166936
"POINT (14.3633790689418 50.9609811292474)","358604626",residential,"1",10.899297,12.833411,106.075393,139.875150,47.465415
"POINT (14.3630384511111 50.9672363696302)","358604627",residential,"1",12.211564,11.485655,144.013418,140.257807,47.394437
"POINT (14.3570637704187 50.9671401977377)","358604628",house,"1",14.880016,16.508872,114.844944,245.652274,62.777775
"POINT (14.3656626012958 50.96361205306)","358604629",residential,"1",28.139047,21.482437,109.488703,604.495324,99.242970
"POINT (14.3505864801135 50.9666551426521)","358604630",residential,"1",10.838032,9.783492,132.108383,106.033805,41.243049
"POINT (14.3589433273348 50.9645898750347)","358604631",residential,"2",19.761123,38.862338,107.694466,767.963436,117.246921
"POINT (14.3653269862833 50.9646645099658)","358604632",residential,"1",14.609212,10.182423,126.183543,148.757172,49.583270
"POINT (14.3501255684739 50.9669055041132)","358604633",residential,"1",9.666684,10.599881,39.647007,102.465701,40.533130
"POINT (14.3491007543913 50.9694377003506)","358604634",house,"1",10.802846,13.145485,143.354362,142.008652,47.896662
"POINT (14.3641540275836 50.9620963144405)","358604636",house,"1",7.280513,12.757585,99.275873,92.881765,40.076196
"POINT (14.3546618206073 50.9661637319443)","358604637",residential,"1",20.312227,11.640186,155.544587,236.438103,63.904826
"POINT (14.3466717289414 50.9737524493429)","358604638",house,"1",10.755489,12.680846,106.806956,136.388702,46.872670
"POINT (14.3556476705748 50.9693204588835)","358604639",residential,"1",11.218071,15.024596,36.990863,168.546990,52.485335
"POINT (14.3603986801188 50.9627453965277)","358604640",residential,"1",15.234274,12.613900,101.049762,192.163606,55.696348
"POINT (14.3484350460825 50.9739263354422)","358604643",house,"1",17.734034,14.413079,98.025234,255.602034,64.294226
"POINT (14.3474011170473 50.9739191064527)","358604644",residential,"1",11.032193,11.921835,90.000000,131.523984,45.908056
"POINT (14.3565776790308 50.967670399666)","358604645",house,"1",11.485708,13.175921,68.919544,151.334788,49.323259
"POINT (14.3777528525675 50.963658696885)","358604648",residential,"1",11.078782,12.639762,113.951198,140.033165,47.437088
"POINT (14.3679161975775 50.9707265703744)","358604649",yes,,19.633303,11.835134,40.844418,232.362779,62.936875
"POINT (14.369811469177 50.9619453577758)","358604652",residential,"1",9.409154,10.662223,98.742787,100.322503,40.142755
"POINT (14.3600493966603 50.961549960361)","358604653",residential,"1",9.986894,11.309439,14.036243,112.946166,42.592666
"POINT (14.3568021337079 50.9602318766681)","358604654",residential,"1",21.361649,24.945007,115.153039,532.866488,92.613312
"POINT (14.3691225051959 50.9717006683655)","358604655",residential,"1",14.847596,15.267164,90.490079,226.680682,60.229520
"POINT (14.3674899489032 50.9676635651361)","358604656",residential,"1",15.651589,12.852273,141.323344,201.158490,57.007723
"POINT (14.352660183182 50.9657493871583)","358604657",house,"1",15.050437,15.300068,122.094127,230.272713,60.701010
"POINT (14.3597438009353 50.9643322289444)","358604658",house,"1",9.721187,13.858708,108.321771,134.723096,47.159791
"POINT (14.3554201116135 50.9663345594947)","358604659",house,"1",16.493738,10.708341,154.424473,176.620575,54.404159
"POINT (14.3596502906712 50.964195284725)","358604660",house,"1",11.613791,10.899022,110.795930,126.578963,45.025626
"POINT (14.3697736174162 50.963251615655)","358604661",residential,"1",20.641833,26.911307,107.716054,555.498719,95.106281
"POINT (14.3604058483137 50.9613136200355)","358604664",residential,"1",15.297259,17.946627,103.988135,274.534205,66.487773
"POINT (14.3660819998942 50.9687425143733)","358604665",residential,"1",12.502102,11.021252,146.276816,137.788810,47.046707
"POINT (14.3784939209941 50.9627726303636)","358604666",house,"1",13.651162,19.664174,112.139862,268.438813,66.630671
"POINT (14.3602536825476 50.9609821854441)","358604667",residential,"1",14.252083,11.985448,102.044428,170.817597,52.475062
"POINT (14.3569417493835 50.9625596297274)","358604669",yes,,13.304563,14.022342,149.633550,186.561126,54.653809
"POINT (14.367202204767 50.9641777733215)","358604671",residential,"2",16.512992,33.751651,95.491544,557.340749,100.529287
"POINT (14.3641886278234 50.9626412381417)","358604672",residential,"1",8.615125,10.879077,13.417909,93.724609,38.988404
"POINT (14.3640221503821 50.9659234072097)","358604673",residential,"1",13.293777,14.099862,126.336544,187.440417,54.787277
"POINT (14.370972280092 50.9701429514985)","358604675",residential,"1",12.904089,12.244065,133.148026,157.998502,50.296308
"POINT (14.3566089787788 50.9627166049241)","358604677",residential,"1",21.915371,14.090924,169.111181,308.807824,72.012590
"POINT (14.3642805435755 50.9624647774043)","358604679",house,"1",14.150595,11.868656,101.522045,167.948549,52.038503
"POINT (14.358864902664 50.9634139982393)","358604681",warehouse,,68.463258,20.481002,104.993587,1402.196128,177.888521
"POINT (14.3594711121018 50.9638438131737)","358604683",residential,"1",13.865919,11.714699,107.157506,162.435061,51.161235
"POINT (14.3583711150582 50.9659125509745)","358604684",residential,"1",10.847009,14.461403,129.630266,156.862967,50.616824
"POINT (14.3675937380321 50.96908642977)","358604686",house,"1",19.270474,14.370215,148.946262,276.920848,67.281377
"POINT (14.3645099776157 50.9632177001841)","358604687",residential,"1",10.600213,12.850214,11.520165,136.215000,46.900853
"POINT (14.3636121475702 50.9615501589148)","358604688",residential,"1",9.731007,8.940602,103.936594,87.001057,37.343217
"POINT (14.3733936125106 50.9630065772979)","358604690",civic,"1",19.216392,18.031128,121.807787,346.493216,74.495039
"POINT (14.3448799742915 50.9741737705958)","358604695",residential,"1",12.103664,10.005886,169.348011,121.107879,44.219099
"POINT (14.3640986342133 50.9618863964674)","358604696",residential,"1",11.187730,8.307598,100.472531,92.943155,38.990654
"POINT (14.3644045081766 50.9682403566339)","358604698",residential,"1",9.068717,9.825499,152.767109,89.104665,37.788431
"POINT (14.3601154546412 50.9617614832587)","358604699",residential,"1",10.560967,10.397914,101.049743,109.812020,41.917761
"POINT (14.3607105346058 50.9623499761525)","358604700",house,"1",16.117256,17.729848,103.858129,285.756508,67.694209
"POINT (14.3514314563899 50.9685088728754)","358604701",residential,"1",14.716374,22.437508,156.552882,330.198765,74.307765
"POINT (14.3606666844359 50.9635922148245)","358604704",residential,"1",13.369072,11.777220,101.525111,157.450506,50.292584
"POINT (14.3665609565423 50.967643339906)","358604705",residential,"1",13.824784,12.960941,142.207935,179.182209,53.571450
"POINT (14.3695589389643 50.9622750622468)","358604707",residential,"1",14.419688,15.315258,9.472534,220.841240,59.469892
"POINT (14.3650357277713 50.9651782412479)","358604708",residential,"1",11.278020,13.718675,96.926337,154.719493,49.993390
"POINT (14.3649613447529 50.9637008523307)","358604709",house,"1",12.788511,10.545985,97.062850,134.867454,46.668993
"POINT (14.3651755395721 50.9669274373509)","358604710",residential,"1",16.197703,13.949677,137.689465,225.952718,60.294759
"POINT (14.3572738967973 50.9699653139852)","358604711",residential,"1",9.893630,10.844078,121.603325,107.287294,41.475416
"POINT (14.3560762498135 50.9669566237521)","358604713",residential,"1",11.985305,10.425725,168.902932,124.955484,44.822058
"POINT (14.360303335739 50.9646817788978)","358604714",residential,"1",10.572965,14.858466,110.660420,157.098045,50.862863
"POINT (14.3636598497093 50.9650090341527)","358604715",civic,"2",24.571164,14.538946,114.092419,357.238820,78.220220
"POINT (14.3672892312391 50.9685525582872)","358604716",house,"3",10.244882,8.504317,143.963579,87.125727,37.498399
"POINT (14.3660822736166 50.967017714605)","358604717",house,"1",15.829121,13.377159,139.959009,211.748667,58.412560
"POINT (14.3633349000604 50.9641940182174)","358604718",residential,"1",21.649855,19.887163,92.804945,430.554205,83.074037
"POINT (14.3637263549264 50.9619146509861)","358604720",residential,"1",8.108392,11.839519,99.347020,95.999464,39.895822
"POINT (14.3632804794264 50.9673955648164)","358604721",residential,"1",19.641984,20.151900,144.396235,395.823302,79.587768
"POINT (14.357471721462 50.9704408794966)","358604722",residential,"1",18.956721,15.531443,49.284681,294.425224,68.976327
"POINT (14.3514478053035 50.9680371591195)","358604725",residential,"1",14.559976,17.764401,162.981958,258.649262,64.648755
"POINT (14.3456133787145 50.9717465124936)","358604726",house,"1",13.716616,18.844770,65.431176,258.486464,65.122771
"POINT (14.3583222171902 50.9636243638671)","358604728",residential,"1",15.728100,15.500280,106.914011,243.789949,62.456759
"POINT (14.3608248941641 50.9641248864918)","358604729",residential,"1",17.137544,13.651144,97.813026,233.947083,61.577376
"POINT (14.3608148035402 50.9644799112792)","358604730",house,"1",16.643421,17.455281,31.715169,290.515589,68.197404
"POINT (14.3656981079135 50.9646894209111)","358604732",yes,"1",23.313281,25.908589,110.928355,604.014222,98.443740
"POINT (14.3676644040108 50.9708718793211)","358604733",residential,"1",18.453182,8.859470,35.864132,163.485409,54.625304
"POINT (14.376052944127 50.962885375825)","358604734",industrial,,50.919612,38.274791,176.040425,1948.937512,178.388806
"POINT (14.3506176589727 50.9669338713258)","358604735",residential,"1",14.940141,15.867795,131.372565,237.067092,61.615872
"POINT (14.3638702881618 50.9680410159078)","358604736",house,"1",9.671992,11.525274,143.055886,111.472359,42.394532
"POINT (14.3581689753108 50.9698673971302)","358604738",house,"1",11.796996,15.521738,120.436672,183.109888,54.637469
"POINT (14.3753992067968 50.9626686860039)","358604741",industrial,,29.775788,35.332820,105.532996,1052.062558,130.217216
"POINT (14.3626219494503 50.9670679974679)","358604742",residential,"1",13.762852,15.102769,145.306710,207.857162,57.731240
"POINT (14.3668929969391 50.9683849055783)","358604743",residential,"2",15.120283,19.111099,137.402803,288.965231,68.462765
"POINT (14.3595364032028 50.9636315921824)","358604745",residential,"1",11.627142,11.435180,17.354025,132.958459,46.124644
"POINT (14.3571753615818 50.9680214060517)","358604746",residential,"1",19.052185,33.925546,119.813121,646.355768,105.955461
"POINT (14.3642973440494 50.9654666426442)","358604747",school,"4",18.164558,40.591993,104.409961,737.335620,117.513102
"POINT (14.3649399981055 50.9661794670156)","358604748",school,"1",41.257952,23.537843,124.188321,971.123207,129.591590
"POINT (14.3641709361545 50.9637266186619)","358604749",civic,"2",24.185855,13.517904,102.226156,326.942075,75.407519
"POINT (14.3537254801608 50.9681037606638)","358604750",house,"1",8.104837,10.782724,114.284133,87.392218,37.775122
"POINT (14.3584557890651 50.9621893710613)","358604751",warehouse,"1",19.464841,48.304127,147.148414,940.232145,135.537935
"POINT (14.3565298317882 50.9692516709666)","358604752",residential,"1",13.311134,12.523832,135.306074,166.706401,51.669931
"POINT (14.3647895808556 50.9649060877546)","358604753",civic,"1",31.286760,32.315875,96.265148,1011.059024,127.205270
"POINT (14.3726531143379 50.9628665574317)","358604754",industrial,"1",44.904679,51.529711,26.265466,2313.925125,192.868780
"POINT (14.3688245164724 50.9643548376396)","358604755",warehouse,"4",26.865043,48.139259,117.273137,1293.263233,150.008603
"POINT (14.3604732719417 50.9633950257016)","358604758",residential,"1",18.344878,16.431651,98.336971,301.436641,69.553059
"POINT (14.3748689448917 50.9630468362653)","358604759",warehouse,"3",117.465949,65.903875,10.853030,7741.461249,366.739649
"POINT (14.3497961652133 50.9689825945852)","358604760",warehouse,"1",41.292368,79.427623,138.302154,3279.754688,241.439984
"POINT (14.3771333974283 50.9623828421803)","358604761",residential,"1",17.394781,19.857740,99.650912,345.421027,74.505041
"POINT (14.3607307057089 50.9638170741055)","358604762",residential,"1",23.810261,12.089043,104.188355,287.843283,71.798610
"POINT (14.3649549635822 50.9657179616224)","358604764",yes,,32.055688,59.687494,120.720337,1913.323662,183.486363
"POINT (14.3565146163012 50.9684469409689)","358604765",residential,"1",12.743207,14.058035,109.807690,179.144445,53.602483
"POINT (14.3563834430424 50.9629779004903)","358604766",house,"1",12.492280,10.444521,158.223692,130.475884,45.873603
"POINT (14.3575205934014 50.9644360139237)","358604767",kindergarten,"1",40.516446,42.763960,109.219129,1732.643692,166.560813
"POINT (14.3699746160749 50.9619846578054)","358604769",garage,,3.419950,5.577612,94.960605,19.075152,17.995123
"POINT (14.3593582030822 50.9623469383397)","358604771",barn,,6.803985,4.766181,112.094919,32.429027,23.140333
"POINT (14.3477694841572 50.9742636294256)","358604772",garage,,6.434377,4.697040,173.958345,30.222526,22.262834
"POINT (14.3694504755517 50.9630284069778)","358604774",residential,"1",11.105474,12.452741,107.899542,138.293602,47.116432
"POINT (14.3556034795747 50.9658560140403)","358604775",residential,"1",11.478830,23.012245,139.596834,264.153649,68.982150
"POINT (14.3454694747594 50.9724216461202)","358604778",residential,"1",7.936097,6.125567,172.170066,48.613094,28.123328
"POINT (14.3724222568408 50.9705169369261)","358604780",residential,"1",13.140914,9.083231,142.205155,119.361955,44.448289
"POINT (14.3538550752046 50.9669398141736)","358604783",residential,"1",5.617914,8.886334,101.699228,49.922659,29.008495
"POINT (14.3593311309656 50.9614505767965)","358604785",garage,,9.227863,3.604008,104.714606,33.257292,25.663742
"POINT (14.3512620926062 50.9674644470242)","358604789",barn,,7.688493,5.491668,135.011824,42.222656,26.360323
"POINT (14.3742594719444 50.9623680114814)","358604794",civic,,6.787457,10.916868,90.486040,74.097773,35.408650
"POINT (14.3609452455893 50.9616928715539)","358604799",yes,,9.089769,6.252261,102.548185,56.831609,30.684060
"POINT (14.3671488761942 50.9674625396807)","358604801",yes,"1",3.962289,6.234258,146.633549,24.701935,20.393095
"POINT (14.3714995384754 50.9634895324541)","358604802",residential,"1",8.660058,16.140079,118.759728,139.774028,49.600275
"POINT (14.3577842712328 50.9622955322245)","358604804",barn,,4.693862,4.156540,150.715875,19.510228,17.700805
"POINT (14.3635055734196 50.961297884587)","358604807",house,"1",11.747089,10.923745,104.018575,128.322213,45.341669
"POINT (14.3494915196277 50.967360446295)","358604809",residential,"1",10.096559,11.160779,137.565543,112.685464,42.514676
"POINT (14.366734981553 50.9677200317466)","358604810",garage,"1",6.673969,9.853392,142.832356,65.761232,33.054722
"POINT (14.3665804862843 50.9634361267131)","358604811",yes,,3.574219,6.587518,105.889399,23.545230,20.323473
"POINT (14.3510074615014 50.9668674469247)","358604814",residential,"1",7.627351,14.608313,116.599214,111.422731,44.471328
"POINT (14.3490495681284 50.9689979553654)","358604815",industrial,,16.443928,5.437909,100.351766,89.420583,43.763674
"POINT (14.364008903448 50.9631137848104)","358604817",residential,"1",9.947813,9.308467,101.123433,92.598888,38.512560
"POINT (14.3545123955092 50.968085918528)","358604818",yes,,3.644075,6.178188,114.847369,22.513778,19.644525
"POINT (14.3670392035187 50.9651851655125)","358604819",civic,"1",24.318885,12.149376,109.340193,295.459264,72.936521
"POINT (14.3700628493917 50.9630130297435)","358604821",house,"1",7.657350,11.189592,90.000000,85.682619,37.693883
"POINT (14.3766851425712 50.9623756408683)","358604825",residential,"1",6.945539,11.937130,102.804822,82.909796,37.765337
"POINT (14.3518318440491 50.967413676319)","358604826",house,"1",10.228457,12.702289,155.162045,129.924814,45.861491
"POINT (14.3598618880053 50.9642163131417)","358604827",garage,,4.021461,6.158496,106.734335,24.766153,20.359914
"POINT (14.3468683064675 50.9711746884689)","358604828",house,"1",12.010768,9.597531,152.637871,115.273712,43.216597
"POINT (14.3667526246762 50.9651908874297)","358604830",civic,,12.138231,24.292556,109.879335,294.868665,72.861575
"POINT (14.366170967573 50.9633752629823)","358604832",yes,,33.908976,14.548468,107.821589,493.323655,96.914888
"POINT (14.3596439361494 50.9638099670465)","358604834",barn,,5.397542,3.098825,107.667731,16.726035,16.992733
"POINT (14.3633628742824 50.9651261579376)","358604835",house,"1",22.949670,23.617132,114.489132,542.005398,93.133605
"POINT (14.3641366958564 50.9645671844497)","358604837",industrial,,2.594593,3.293309,98.334342,8.544796,11.775804
"POINT (14.3581768232719 50.9661141729809)","358604838",residential,"1",10.194036,18.258136,119.906891,186.124099,56.904344
"POINT (14.3451762200074 50.972801208512)","358604841",residential,"1",12.304110,8.621668,172.867230,106.081948,41.851555
"POINT (14.3706350518944 50.9640200300183)","358604842",barn,,5.450776,11.039522,128.428660,60.173965,32.980597
"POINT (14.3636629363463 50.9675056832673)","358604843",residential,"1",8.718006,8.423535,149.379725,73.436428,34.283082
"POINT (14.3536367416758 50.9656524658236)","358604846",industrial,,7.288265,7.538311,100.481487,54.941205,29.653151
"POINT (14.3463950157877 50.9711055756042)","358604847",residential,"1",11.801058,15.551224,155.392348,183.520895,54.704564
"POINT (14.3658962250903 50.9651432037383)","358604848",civic,,11.209513,15.351245,101.787726,172.079970,53.121514
"POINT (14.3553447134584 50.9668904304847)","358604849",residential,"1",9.343969,7.765105,159.194281,72.556898,34.218148
"POINT (14.3716005995725 50.9644680056594)","358604850",residential,"1",7.347274,9.330693,101.041451,68.555160,33.355934
"POINT (14.3557706569589 50.9661625688392)","358604852",residential,"1",11.529921,23.036999,138.895561,265.614773,69.133839
"POINT (14.3675498962348 50.9631576538104)","358604853",yes,,3.037718,2.909373,99.489457,8.837855,11.894182
"POINT (14.3745775191177 50.9621734855511)","358604855",warehouse,"2",23.969404,12.950742,175.972375,310.421574,73.840293
"POINT (14.3626384735056 50.9682941436659)","358604857",garage,"2",10.113994,7.498573,139.332171,75.840521,35.225134
"POINT (14.3473961157172 50.973127403366)","358604861",house,"1",13.950235,5.636198,103.712339,78.626283,39.172865
"POINT (14.3691138817458 50.9636881016032)","358604864",residential,"1",14.440040,9.003173,32.586435,130.006179,46.886426
"POINT (14.3721711756712 50.9631056892572)","358604868",garage,,6.346824,4.870388,121.994951,30.911491,22.434422
"POINT (14.3574457168709 50.967823028562)","358604869",industrial,,5.815858,5.245420,119.701999,30.506614,22.122555
"POINT (14.348064373892 50.9697316895231)","358604872",garage,,8.995966,7.057666,136.667392,63.490531,32.107266
"POINT (14.3668185551954 50.9639227054203)","358604874",barn,,10.550567,16.311326,111.916063,172.093736,53.723786
"POINT (14.3700204012033 50.9612389076188)","358604875",yes,"1",10.789142,2.972187,99.487157,32.067351,27.522659
"POINT (14.3720973178936 50.9633829592553)","358604876",industrial,"1",13.249449,25.243005,135.383808,334.455918,76.984909
"POINT (14.3738021851605 50.9626579285012)","358604877",garage,,11.514327,14.484769,176.381805,166.782368,51.998192
"POINT (14.3661866188243 50.9715976715174)","358604881",house,"1",7.726034,8.550909,144.731817,66.064612,32.553885
"POINT (14.3667725176384 50.9641055081524)","358604882",residential,"1",13.168532,10.977247,114.835963,144.554228,48.291558
"POINT (14.3737316130801 50.9622192383004)","358604884",house,"1",8.218727,15.595585,101.491051,128.175865,47.628625
"POINT (14.3683365037159 50.9717437393673)","358604885",barn,,3.792158,5.844242,148.814611,22.162289,19.272800
"POINT (14.3641433716175 50.9643878936843)","358604887",yes,,8.951432,5.587247,100.081441,50.013860,29.077358
"POINT (14.3774666786532 50.9623527526918)","358604888",garage,,7.222614,6.703478,94.144319,48.416632,27.852184
"POINT (14.3576455116269 50.9678077697764)","358604889",industrial,,2.286470,1.520830,128.872601,3.477332,7.614599
"POINT (14.3502159118605 50.9668292999364)","358604890",garage,,6.402452,5.094451,126.970478,32.616978,22.993806
"POINT (14.347156520364 50.9703464550286)","358604891",residential,"1",10.928539,11.684231,147.403045,127.691577,45.225541
"POINT (14.3591022491359 50.9649124145562)","358604893",barn,,3.812585,6.048048,115.909041,23.058699,19.721267
"POINT (14.3712126759157 50.9636041212478)","358604894",garage,,8.190156,6.123293,130.051717,50.150722,28.626897
"POINT (14.3508000373916 50.9678649902227)","358604896",residential,"1",8.448920,9.663479,131.846410,81.645964,36.224799
"POINT (14.3576049804659 50.9676380157517)","358604898",chapel,,3.822977,4.328153,127.739818,16.546431,16.302261
"POINT (14.3468330834146 50.9706822777506)","358604899",residential,"1",7.535050,12.874395,145.970630,97.009209,40.818890
"POINT (14.3688406944578 50.9693450927968)","358604900",residential,"1",14.665090,6.249572,148.221248,91.650538,41.829325
"POINT (14.3602261543439 50.9628810882566)","358604901",yes,,3.434901,7.223627,100.754900,24.812442,21.317056
"POINT (14.3692655565021 50.9639530182166)","358604903",yes,,25.608751,10.503995,117.789093,268.994190,72.225492
"POINT (14.359672069535 50.9625186920267)","358604904",yes,,7.199799,4.365602,108.349453,31.431458,23.130802
"POINT (14.3737468719301 50.963256835953)","358604905",residential,"1",6.952577,8.500396,120.877684,59.099655,30.905945
"POINT (14.3583103411169 50.9699552267506)","358604907",yes,,6.918011,15.435449,120.562218,106.782601,44.706919
"POINT (14.3662289897523 50.9639050349235)","358604909",garage,,3.913997,6.619783,109.681843,25.909814,21.067561
"POINT (14.375390831198 50.9703416800777)","358604911",residential,"1",5.503218,8.114452,173.850896,44.655602,27.235341
"POINT (14.36430360552 50.9622898655503)","358604914",residential,"1",8.218522,9.072751,101.279128,74.564611,34.582548
"POINT (14.3662973275307 50.9640579916978)","358604915",garage,,3.538827,6.326295,106.050868,22.387665,19.730245
"POINT (14.3580198287815 50.9624633789062)","358604918",barn,,4.116570,6.519901,156.219448,26.839631,21.272943
"POINT (14.3578202284506 50.9668765430625)","358604919",house,"1",8.820829,21.237178,121.787880,187.329522,60.116015
"POINT (14.3633483568312 50.9678546107531)","358604920",residential,"1",10.247970,13.334097,148.724803,136.647425,47.164134
"POINT (14.3652088768819 50.9681217543308)","358604921",house,"1",8.776566,10.823076,148.223344,94.989434,39.199283
"POINT (14.3730401517992 50.9725278867956)","358604922",industrial,,6.472082,12.312142,135.421002,79.685195,37.568448
"POINT (14.3743767956949 50.9638634356142)","358604923",yes,,20.379276,10.137891,102.807009,206.602879,61.034334
"POINT (14.3482427597513 50.9740905761767)","358604924",barn,,6.366191,10.576815,92.817196,67.334028,33.886013
"POINT (14.3642816544114 50.9622154235879)","358604925",residential,"1",8.622713,9.142306,101.279127,78.831478,35.530037
"POINT (14.3661980979279 50.9638386558158)","358604926",garage,,3.965471,6.329437,106.215241,25.099199,20.589816
"POINT (14.3651075362242 50.9629573822327)","358604929",house,"2",12.081231,12.436248,100.417957,150.245184,49.034958
"POINT (14.3651208877671 50.9679908752522)","358604932",garage,,4.755766,8.031267,149.038850,38.194822,25.574065
"POINT (14.3649684099125 50.9641930911331)","358604933",house,"1",10.710778,12.434413,108.633777,133.182243,46.290383
"POINT (14.3662141021224 50.9638727723279)","358604936",garage,,3.965463,6.448334,106.050873,25.570633,20.827595
"POINT (14.3471584321075 50.9744415283473)","358604937",house,"1",17.145264,9.633419,168.754079,165.167511,53.557366
"POINT (14.360716819718 50.9625816345377)","358604938",residential,"1",9.084167,8.138299,99.879056,73.929666,34.444932
"POINT (14.3575051777908 50.9683870659895)","358604939",garage,,6.093035,10.994940,123.997498,66.992556,34.175950
"POINT (14.3573575019995 50.971330642688)","358604942",residential,"1",8.732383,10.173854,128.627363,88.841996,37.812475
"POINT (14.362301570746 50.9633807374649)","358604943",civic,,6.870811,22.428537,100.296376,154.102233,58.598696
"POINT (14.3589043104824 50.9641548863803)","358604944",yes,"2",21.051751,15.271009,110.137317,321.481478,72.645520
"POINT (14.3602986336254 50.9652519226036)","358604945",residential,"1",8.389231,14.108521,121.247072,118.359644,44.995505
"POINT (14.3529052733866 50.9671878814844)","358604946",residential,"1",8.569466,9.365477,98.343523,80.257138,35.869886
"POINT (14.3646279470349 50.9646663531555)","358604948",residential,"1",9.531989,15.622392,101.545999,148.912475,50.308763
"POINT (14.3592388030441 50.9712820919176)","358604950",residential,"1",8.132435,7.693047,173.091319,62.563204,31.650964
"POINT (14.3469662412615 50.9710636438148)","358604952",residential,"1",8.118687,14.475192,152.285487,117.519549,45.187758
"POINT (14.3706951141511 50.9715785980243)","358604953",industrial,,4.238131,5.201691,95.382111,22.045446,18.879643
"POINT (14.3622817988398 50.9630260659462)","358604955",yes,"1",19.640382,36.309344,178.686928,713.129406,111.899453
"POINT (14.3696724653811 50.9611098912178)","358604957",residential,"1",13.476724,13.211689,96.466205,178.050284,53.376826
"POINT (14.359634936867 50.9638806392357)","358604959",garage,,3.576635,6.158386,111.383141,22.026300,19.470042
"POINT (14.3652269710727 50.9642581812729)","358604960",garage,,6.385684,9.547798,95.591194,60.969222,31.866964
"POINT (14.3614818069676 50.9643705739876)","358604961",garage,,6.189884,4.544590,103.026555,28.130480,21.468946
"POINT (14.3559145927245 50.9692478180226)","358604962",house,"1",10.142933,10.250255,126.740510,103.967654,40.786377
"POINT (14.3766999245625 50.9626884460962)","358604963",yes,,8.347027,18.013486,175.542873,150.359048,52.721025
"POINT (14.3765606879845 50.9625091552771)","358604965",yes,,5.090592,9.845242,90.484255,50.118111,29.871668
"POINT (14.3670262447599 50.9634359528352)","358604967",yes,,6.187607,8.435233,108.064990,52.193905,29.245679
"POINT (14.377262931754 50.9630809630343)","358604968",residential,"1",13.263279,9.348119,177.198069,123.986715,45.222797
"POINT (14.3694331230765 50.9614557590913)","358604970",house,"1",13.182042,11.046232,96.722019,145.611900,48.456549
"POINT (14.3468852042392 50.9714088440343)","358604971",residential,"1",14.099533,10.198521,105.294306,143.794385,48.596108
"POINT (14.3647593277068 50.9644672073788)","358604972",residential,"1",15.698885,6.803760,22.189971,106.811450,45.005291
"POINT (14.3640360831654 50.9632015228476)","358604973",residential,"1",9.947658,9.387539,101.047036,93.384033,38.670395
"POINT (14.3537523679454 50.9675349571321)","358604974",barn,,5.497213,12.097884,113.396950,66.504652,35.190195
"POINT (14.3653774261587 50.9685955047728)","358604975",residential,"1",7.190524,6.149020,147.687819,44.214678,26.679089
"POINT (14.3471927643071 50.9739437103367)","358604976",barn,,6.287777,7.069713,170.438181,44.452781,26.714981
"POINT (14.3505115508196 50.9673271178887)","358604977",residential,"1",19.192556,13.211373,149.494985,253.560025,64.807859
"POINT (14.3543092532599 50.967411185727)","358604979",residential,"1",11.345550,9.438421,127.321689,107.084069,41.567940
"POINT (14.3652623523541 50.9632584995747)","358604980",residential,"1",12.029822,17.957046,107.340693,216.020057,59.973735
"POINT (14.3470338020553 50.9733312309263)","358604983",garage,,5.990936,17.614175,114.676065,105.525401,47.210223
"POINT (14.3782820701823 50.9629230499405)","358604986",yes,,4.987205,8.783434,165.882080,43.804788,27.541278
"POINT (14.3480877877003 50.9732780456673)","358604987",residential,"1",13.004185,7.925805,103.146720,103.068635,41.859980
"POINT (14.3563179969999 50.9630794525185)","358604992",yes,,9.066835,3.708005,117.842002,33.619868,25.549679
"POINT (14.3692959765997 50.9611070001885)","358604993",house,"1",20.091505,14.420399,7.125016,289.727520,69.023808
"POINT (14.3469687603703 50.9731256979383)","358604996",yes,,2.612673,3.384235,106.572403,8.841902,11.993818
"POINT (14.3597655297498 50.9633636474956)","358604999",barn,,23.838925,6.795082,113.390394,161.987449,61.268015
"POINT (14.3540024962617 50.9669685976624)","358605001",residential,"1",16.063133,10.212832,102.502590,164.050067,52.551928
"POINT (14.3655896186513 50.9678936004872)","358605002",residential,"1",10.239685,7.791618,113.585080,79.783712,36.062606
"POINT (14.364725731752 50.9673597572607)","358605003",residential,"1",10.237958,7.861503,113.194352,80.485736,36.198922
"POINT (14.3658183107132 50.96788029965)","358605004",residential,"1",10.603608,7.632841,113.387735,80.935660,36.472899
"POINT (14.3634706458899 50.9664613002072)","358605005",residential,"1",10.267185,8.042963,116.473146,82.578592,36.620297
"POINT (14.3649123249576 50.9676535488743)","358605006",house,"1",10.591777,12.353726,116.257322,130.847905,45.891005
"POINT (14.3655633608833 50.9634464206521)","358605008",barn,,11.052931,20.752644,110.863316,229.377544,63.611150
"POINT (14.363216159106 50.9666076815072)","358605009",house,"1",10.619197,8.042968,116.473417,85.409864,37.324330
"POINT (14.3652806281724 50.9676246643309)","358605010",residential,"1",10.603618,7.661850,113.388037,81.243330,36.530936
"POINT (14.3462413853555 50.9738178421248)","358605011",residential,"1",7.948841,10.433418,107.188961,82.933579,36.764518
"POINT (14.3523876472956 50.9624586363757)","358605013",residential,"1",8.550647,10.666804,171.067453,91.208079,38.434903
"POINT (14.3581201669791 50.9641670469469)","358605014",residential,"1",9.497062,14.310815,107.990088,135.910694,47.615753
"POINT (14.377215695375 50.9637936442289)","358605015",residential,"1",8.926581,13.235734,103.553055,118.149855,44.324631
"POINT (14.3576743686987 50.9624731787485)","358605018",transportation,"1",10.820668,23.696947,150.574323,256.416798,69.035230
"POINT (14.3708817179356 50.9636063361927)","358605021",residential,"1",12.620993,20.723707,122.272893,261.553770,66.689401
"POINT (14.3461327884634 50.9721053891859)","358605022",residential,"1",12.743977,8.844998,93.804189,112.720454,43.177951
"POINT (14.3700271031887 50.962753434511)","358605024",residential,"1",12.078013,10.027818,100.268445,121.116116,44.211662
"POINT (14.3666530711611 50.9686987370536)","358605028",residential,"1",12.156926,9.231760,147.864750,112.229824,42.777372
"POINT (14.3521974022816 50.9675526549672)","358605029",house,"1",10.347960,11.765906,60.748256,121.753129,44.227733
"POINT (14.372096170694 50.9704573897926)","358605030",residential,"1",19.854543,10.128904,143.881832,201.104770,59.966895
"POINT (14.3644988440667 50.9673744412747)","358605032",residential,"1",10.591788,8.125094,116.257531,86.059276,37.433765
"POINT (14.3639576783058 50.9628544232757)","358605034",residential,"1",12.103646,7.605433,106.909399,92.053466,39.418157
"POINT (14.3601650087945 50.9619767513134)","358605037",residential,"1",8.987330,12.590132,98.465264,113.151668,43.154923
"POINT (14.3595479805381 50.9640165912096)","358605039",residential,"1",10.294071,9.770158,109.064928,100.574709,40.128460
"POINT (14.35342008511 50.9668985711658)","358605040",residential,"1",9.018488,12.716427,108.076819,114.682947,43.469831
"POINT (14.3682746523078 50.9640024514871)","358605041",house,"1",10.513373,14.155490,120.054392,148.821940,49.337725
"POINT (14.3669608800832 50.9674972591234)","358605042",house,"1",12.817762,11.522848,145.894417,147.697124,48.681220
"POINT (14.3651671409292 50.9676303863759)","358605044",residential,"1",10.239694,7.791697,113.585288,79.784595,36.062782
"POINT (14.3580088616675 50.9666099548005)","358605045",residential,"1",14.640215,21.160679,118.726769,309.796892,71.601788
"POINT (14.3628422605114 50.9678308887762)","358605047",residential,"1",8.665441,9.355683,141.180974,81.071115,36.042247
"POINT (14.3552218108022 50.9673503218913)","358605051",residential,"1",9.143521,9.762552,154.296475,89.264096,37.812145
"POINT (14.3459802150172 50.973682331234)","358605052",house,"1",9.546489,12.393451,102.831734,118.313947,43.879880
"POINT (14.3490538650932 50.9676189381815)","358605054",residential,"1",10.538704,8.810797,140.906141,92.854381,38.699002
"POINT (14.3516604132854 50.9660745499036)","358605055",residential,"1",14.738837,15.337276,145.865107,226.053615,60.152227
"POINT (14.3769174871209 50.9626607768353)","358605056",residential,"1",14.324930,16.244625,164.341367,232.703118,61.139110
"POINT (14.3783162430065 50.9647053622434)","358605057",residential,"1",16.112617,9.976734,23.629378,160.751299,52.178703
"POINT (14.3629974766208 50.968056880139)","358605059",residential,"1",11.307192,11.145579,52.104691,126.025201,44.905542
"POINT (14.3563585793829 50.9666480213467)","358605060",residential,"1",8.703174,14.493195,104.067026,126.136797,46.392738
"POINT (14.3675226948969 50.9714758121388)","358605061",residential,"1",8.160942,8.364404,146.413424,68.261416,33.050692
"POINT (14.3681528274858 50.9705541601355)","358605063",residential,"1",12.749399,16.305777,148.484439,207.888866,58.110353
"POINT (14.3646637494053 50.9679262608745)","358605064",residential,"1",7.924387,13.116489,149.683437,103.940135,42.081752
"POINT (14.3538835302826 50.9674251987368)","358605065",residential,"1",8.696774,10.403998,120.627449,90.481224,38.201545
"POINT (14.3584594844221 50.9662012945937)","358605066",residential,"1",13.686078,9.891121,123.177238,135.370659,47.154399
"POINT (14.3526806175991 50.9668244323808)","358605068",residential,"1",8.994728,14.256958,107.506900,128.237468,46.503373
"POINT (14.3454008064286 50.9725294013467)","358605069",house,"1",7.002395,12.778524,92.418297,89.480277,39.561838
"POINT (14.3574047089091 50.969770431506)","358605072",barn,"1",11.802712,10.758386,122.217233,126.978136,45.122197
"POINT (14.3452401575337 50.9722876582096)","358605076",residential,"1",13.672608,16.187027,146.606365,221.318879,59.719271
"POINT (14.3634940482432 50.9645119062732)","358605077",residential,"1",12.935395,15.492531,94.329194,200.402010,56.855852
"POINT (14.3523087310064 50.9669181163472)","358605078",residential,"1",15.924380,14.575540,125.312491,232.106439,60.999840
"POINT (14.3453219362716 50.9726449641101)","358605092",residential,"1",14.794722,6.431948,172.128104,95.158883,42.453340
"POINT (14.359960622121 50.9647445515884)","358605094",residential,"1",11.605812,14.607866,111.826340,169.536151,52.427357
"POINT (14.369577899182 50.9635780378116)","358605095",yes,"1",10.476527,15.286208,112.503474,160.146364,51.525469
"POINT (14.3630093020694 50.9645732306518)","358605096",residential,"1",13.139817,17.636142,94.269845,231.735681,61.551918
"POINT (14.355088677068 50.9677230778543)","358605097",industrial,,21.025649,49.677194,74.679635,1044.495234,141.405686
"POINT (14.3691359901956 50.9598358336386)","358605098",residential,"1",9.730215,13.993727,101.196183,136.161978,47.447885
"POINT (14.3697445769017 50.9612776628695)","358605099",house,"1",13.238357,20.406239,96.112420,270.145081,67.289192
"POINT (14.3674481283235 50.9648819437299)","358605101",residential,"1",9.049341,9.845418,110.654949,89.094545,37.789518
"POINT (14.3606010404297 50.9620990247623)","358605104",residential,"1",12.387573,13.400961,98.508605,166.005373,51.577066
"POINT (14.3469495570749 50.9738640149847)","358605106",residential,"1",9.211759,11.709763,169.588319,107.867514,41.843044
"POINT (14.3505239919953 50.9680287021545)","358605107",house,"1",10.563026,14.587419,134.766908,154.087295,50.300891
"POINT (14.3775073699992 50.9629718605634)","358605109",barn,,8.047730,11.787417,177.972490,94.861946,39.670293
"POINT (14.3477621077649 50.9736156463888)","358605111",residential,"1",11.976736,10.992048,97.239492,131.648856,45.937568
"POINT (14.348561190058 50.969169755206)","358605112",residential,"1",8.561976,15.681730,150.514311,134.266597,48.487412
"POINT (14.3469889408227 50.973739927302)","358605115",residential,"1",9.114770,8.647915,169.346261,78.823756,35.525370
"POINT (14.3739738464512 50.9633693694929)","358605117",residential,"1",7.362747,13.468436,127.608612,99.164683,41.662366
"POINT (14.362804268477 50.9667068098641)","358605118",residential,"1",11.955378,11.951311,111.154300,142.882440,47.813378
"POINT (14.3585778330747 50.9652275414985)","358605120",residential,"1",13.137645,21.373581,106.560688,280.798505,69.022450
"POINT (14.3520596110267 50.9670269433508)","358605122",residential,"1",16.648331,21.300490,97.869547,354.617614,75.897643
"POINT (14.3695832839453 50.9597776915021)","358605123",residential,"1",10.563144,26.389005,104.344877,278.750864,73.904299
"POINT (14.3527475841068 50.9664730192593)","358605124",house,"1",10.622822,14.200801,152.386715,150.852571,49.647244
"POINT (14.3698053361087 50.96177673341)","358605125",residential,"1",11.951500,13.313516,97.929977,159.116485,50.530032
"POINT (14.3503426314711 50.9664746979938)","358605127",residential,"1",12.791404,11.981209,16.894121,153.256485,49.545226
"POINT (14.3657052060144 50.9678877015598)","358605128",residential,"1",10.603449,7.861344,113.193828,83.357368,36.929588
"POINT (14.3705741119042 50.9705195509732)","358605129",house,"1",13.358501,18.052899,136.416064,241.159663,62.822799
"POINT (14.351014412189 50.9663983475116)","358605130",residential,"1",15.147752,15.353574,147.820029,232.572121,61.002651
"POINT (14.3668676329952 50.9710647669258)","358605132",residential,"1",10.753512,9.979793,139.330597,107.317830,41.466611
"POINT (14.3649532464671 50.9680233792754)","358605136",residential,"1",10.280544,11.141678,149.113870,114.542504,42.844443
"POINT (14.3483409473132 50.9694759499691)","358605138",residential,"1",9.086726,11.529844,57.482011,104.768538,41.233141
"POINT (14.3600728613625 50.9679749099605)","358605139",residential,,8.860812,8.826505,139.401710,78.209996,35.374633
"POINT (14.3437220515283 50.9744937561529)","358605140",residential,"1",13.674063,15.370550,76.324997,210.177873,58.089227
"POINT (14.363865462929 50.9671554542918)","358605141",residential,"1",11.622483,11.441778,114.585963,132.981871,46.128522
"POINT (14.3598937988808 50.9637470245305)","358605142",residential,"1",7.836779,11.969273,110.470153,93.800546,39.612104
"POINT (14.3657909462307 50.9642448403512)","358605143",house,"1",8.907974,12.684303,92.432665,112.991440,43.184554
"POINT (14.363300323454 50.9665584564443)","358605144",residential,"1",10.238910,7.888903,113.389095,80.773773,36.255627
"POINT (14.359987197116 50.9613001588017)","358605145",residential,"1",8.661055,8.545833,102.418770,74.015929,34.413776
"POINT (14.3587130407521 50.9665957760219)","358605146",residential,"1",11.151259,27.787517,116.779378,309.865813,77.877554
"POINT (14.3469098201689 50.9724072837739)","358605148",residential,"1",15.782651,14.614919,102.322475,230.662160,60.795139
"POINT (14.3774680091238 50.963745954317)","358605149",residential,"1",7.661473,10.964982,106.350060,84.007915,37.252910
"POINT (14.3598997421894 50.9680540036673)","358605151",church,,7.403075,7.870743,127.425074,58.267697,30.547635
"POINT (14.3569484162488 50.9669587491326)","358605152",residential,"1",9.471686,11.489440,112.253040,108.824370,41.922252
"POINT (14.3611164972836 50.9631716724871)","358605156",house,"1",8.708593,12.559217,174.590862,109.373107,42.535620
"POINT (14.3668180841799 50.9690586349706)","358605158",residential,"1",12.638981,8.697118,145.803360,109.922702,42.672197
"POINT (14.3743652901119 50.9627440935045)","358605160",industrial,,29.811888,26.373014,176.262735,786.229321,112.369803
"POINT (14.3764053001896 50.9626412686541)","358605162",residential,"1",17.798396,13.532401,101.624106,240.855025,62.661593
"POINT (14.3462870090266 50.9736232267401)","358605164",residential,"1",10.499341,9.231048,108.769468,96.919930,39.460780
"POINT (14.3621978234273 50.9668550314714)","358605165",house,"1",12.455809,10.254423,146.326341,127.727139,45.420465
"POINT (14.3542685637131 50.9676990433028)","358605167",house,"1",9.439777,11.906214,43.705334,112.391997,42.691980
"POINT (14.3646129066708 50.9673669248193)","358605168",residential,"1",10.619164,8.103195,116.472707,86.049151,37.444717
"POINT (14.3589029801038 50.9648324082638)","358605169",residential,"1",14.124674,13.277770,111.238765,187.544178,54.804889
"POINT (14.3666253355174 50.9632094493268)","358605170",garage,,15.568081,20.820581,97.571726,324.136483,72.777323
"POINT (14.3465043421495 50.9735601813757)","358605172",house,"1",11.955924,9.424729,112.109719,112.681335,42.761304
"POINT (14.3635132598623 50.9670049269275)","358605174",house,"1",11.953248,12.051159,109.685143,144.050499,48.008815
"POINT (14.3697228486732 50.9627838317136)","358605176",residential,"1",11.186181,9.395738,101.144612,105.102431,41.163839
"POINT (14.3657167878323 50.9683355161402)","358605178",residential,"1",13.785257,12.895442,56.195960,177.766984,53.361398
"POINT (14.365126713714 50.963940850801)","358605182",residential,"1",8.957313,10.732871,95.934223,96.137684,39.380368
"POINT (14.3626093864258 50.9674472808778)","358605184",residential,"1",6.904688,8.149796,147.064450,56.271798,30.108968
"POINT (14.3643836974774 50.9673805237061)","358605186",residential,"1",10.629680,7.723616,113.388624,82.099571,36.706593
"POINT (14.3678467783216 50.9641158365555)","358605187",residential,"1",14.560801,11.760770,14.036243,171.246240,52.643143
"POINT (14.3631586463108 50.9668559050739)","358605188",residential,"1",11.896048,11.814546,110.712938,140.546412,47.421189
"POINT (14.3590848063975 50.9650650806887)","358605189",house,"1",13.030434,14.606432,114.624618,190.328138,55.273731
"POINT (14.3751148156369 50.9621192285138)","358605190",civic,"1",30.721169,12.704617,177.058460,390.300679,86.851571
"POINT (14.3576050101547 50.9672415446022)","358605191",residential,"1",23.244545,11.564216,114.297447,268.804945,69.617523
"POINT (14.3664657159873 50.9689138574922)","358605192",residential,"1",10.001057,9.512731,58.203408,95.137358,39.027575
"POINT (14.369667842259 50.9626177589473)","358605193",residential,"1",13.818435,11.750074,96.466372,162.367642,51.137019
"POINT (14.3609941141425 50.9631644582024)","358605194",house,"1",8.681058,12.639730,175.166679,109.726228,42.641576
"POINT (14.3700062282154 50.9642219144764)","358605195",residential,"1",12.037595,12.655176,114.208550,152.337885,49.385542
"POINT (14.3460059433804 50.9731140647058)","358605196",residential,"1",8.148504,8.080991,171.391196,65.847988,32.458990
"POINT (14.3676719666048 50.9648342132521)","358605197",residential,"1",9.096366,10.403499,112.226534,94.634032,38.999729
"POINT (14.3650531768487 50.9676380157702)","358605198",residential,"1",10.213428,7.730094,113.585380,78.950759,35.887044
"POINT (14.3712974520888 50.9634117488804)","358605201",house,,10.305004,15.742588,114.329732,162.227427,52.095183
"POINT (14.3601406941515 50.9629718976675)","358605202",residential,"1",22.022463,9.219363,101.866509,203.033076,62.483651
"POINT (14.3768001346783 50.9629707635023)","358605203",residential,"1",15.814266,9.977297,119.684361,157.783632,51.583126
"POINT (14.365037972051 50.9626055868322)","358605205",residential,"2",11.289194,12.956762,107.975072,146.271390,48.491910
"POINT (14.3457517128464 50.9736935616191)","358605208",residential,"1",7.642154,7.840584,90.000000,59.918946,30.965475
"POINT (14.3598804125452 50.9609850946337)","358605209",residential,"1",11.615946,11.492757,99.226587,133.499248,46.217406
"POINT (14.3723731060177 50.963234885362)","358605210",house,"1",10.638816,15.209194,123.251696,161.807823,51.696021
"POINT (14.3633862075515 50.9665105015866)","358605213",residential,"1",10.603693,7.866261,113.586163,83.411415,36.939908
"POINT (14.3467211818585 50.9735080031719)","358605217",house,"1",12.184731,12.676337,8.125865,154.457755,49.722136
"POINT (14.3605372960283 50.9643826611356)","358605218",barn,,21.526449,17.562548,106.645902,378.059307,78.177995
"POINT (14.3587701992656 50.9668368472274)","358605222",civic,"1",14.906369,37.610138,113.545759,560.630583,105.033013
"POINT (14.3476818540281 50.9722286237678)","358605223",barn,,13.563663,22.830024,36.580636,309.658749,72.787374
"POINT (14.370376820152 50.9641515823348)","358605225",residential,"1",18.404390,14.760541,36.869898,271.658754,66.329862
"POINT (14.3586352627979 50.9643856643098)","358605229",residential,"1",12.961789,12.049575,109.604531,156.184048,50.022728
"POINT (14.3455697194656 50.9740713884127)","358605232",residential,"1",9.255784,13.762683,90.000000,127.384417,46.036933
"POINT (14.3512676781001 50.9666485316348)","358605237",residential,"1",14.713721,13.100797,126.667444,192.761476,55.629037
"POINT (14.3463920196533 50.9731191321886)","358605239",house,"1",8.314949,15.721781,93.194638,130.725802,48.073459
"POINT (14.367713879715 50.965153972684)","358605240",residential,"1",11.271913,20.433124,112.435270,230.320403,63.410075
"POINT (14.3545531986645 50.967264003997)","358605241",house,"1",12.304754,14.003287,90.000000,172.306993,52.616081
"POINT (14.3733407474908 50.9634419383582)","358605243",residential,"1",9.691875,13.085919,113.379888,126.827091,45.555588
"POINT (14.3481490813244 50.9742362590492)","358605245",residential,"1",21.250412,14.233258,173.958127,302.462609,70.967341
"POINT (14.3711730352513 50.9630796030405)","358605248",residential,"1",10.171952,19.288750,140.526847,196.204251,58.921406
"POINT (14.3672766683438 50.9650363923638)","358605250",yes,"1",28.213210,16.219933,108.929183,457.616364,88.866285
"POINT (14.363879543819 50.9626688277127)","358605252",residential,"1",7.873142,8.846066,106.981918,69.646339,33.438417
"POINT (14.347647254702 50.9743774376439)","358605253",residential,"1",10.288681,15.659627,171.047893,161.116908,51.896616
"POINT (14.3546777026386 50.9668897834093)","358605254",residential,"1",15.738576,11.405674,155.530116,179.509057,54.288499
"POINT (14.366476504594 50.9652670252072)","358605257",civic,,36.504104,16.413495,110.390572,599.159912,105.835197
"POINT (14.3575301947301 50.9653711485748)","358605258",civic,,5.206423,9.720250,20.798131,50.607738,29.853347
"POINT (14.3644790282935 50.9663588040738)","358605260",residential,"1",16.111589,12.931348,125.434171,208.344563,58.085874
"POINT (14.3591277180347 50.9632647448314)","358605261",residential,"1",8.298201,8.659200,25.894106,71.855780,33.914802
"POINT (14.3562058003174 50.9653444336055)","358605262",residential,"1",12.691326,31.877806,139.851292,404.571617,89.138263
"POINT (14.351518771601 50.9681596809962)","358605263",residential,"1",7.712582,14.052156,131.163000,108.378399,43.529475
"POINT (14.3519699377749 50.9676808555579)","358605264",residential,"1",11.935881,12.120205,56.740566,144.665322,48.112172
"POINT (14.3579227474754 50.9637176596149)","358605266",residential,"1",12.090551,8.420294,110.715734,101.805988,41.021689
"POINT (14.3556532862872 50.9654006958845)","358605267",residential,"1",34.281443,12.480835,110.610725,427.861032,93.524556
"POINT (14.3488821249505 50.9674972387884)","358605269",house,"1",14.197064,9.469244,137.060053,134.435463,47.332616
"POINT (14.3642922993953 50.964258065073)","358605273",residential,"1",14.747461,10.961895,13.942441,161.660118,51.418712
"POINT (14.3578195872422 50.9649352253277)","358605274",civic,"2",24.264932,21.009079,104.090395,509.783873,90.548022
"POINT (14.365669623812 50.9667781507921)","358605276",residential,"1",15.566584,13.386343,136.573514,208.379625,57.905853
"POINT (14.3626933519755 50.9685141653703)","358605277",house,"2",9.073565,12.382870,140.108045,112.356774,42.912870
"POINT (14.3568291663778 50.9652137757878)","358605278",residential,"1",12.562971,34.976279,138.904516,439.405977,95.078500
"POINT (14.3453901647275 50.973249233814)","358605279",residential,"1",9.261676,10.517218,170.988304,97.407070,39.557789
"POINT (14.349266345718 50.9674805909394)","358605280",residential,"1",14.159297,9.348138,50.176104,132.363065,47.014871
"POINT (14.3513715744275 50.9662185028396)","358605284",residential,"1",20.185885,12.807961,43.913007,258.540013,65.987690
"POINT (14.3704974324575 50.9635650660892)","358605285",residential,"1",11.373293,14.708433,107.349406,167.283309,52.163451
"POINT (14.3670236288372 50.9688422869853)","358605287",residential,"1",12.461453,9.644220,149.534102,120.180997,44.211347
"POINT (14.3545470879892 50.9679541520934)","358605288",house,"1",10.862234,11.568232,129.378543,125.656841,44.860932
"POINT (14.3604522196509 50.9616436312436)","358605290",residential,"1",11.134547,10.773700,99.569039,119.960271,43.816494
"POINT (14.363684302314 50.9617306642561)","358605291",house,"1",10.340502,8.856418,107.091768,91.579806,38.393839
"POINT (14.3642060494794 50.9660876683802)","358605292",residential,"1",14.670005,12.988749,119.552908,190.545008,55.317507
"POINT (14.3648343684194 50.9666656593975)","358605293",residential,"1",13.942805,11.950103,127.564402,166.617958,51.785816
"POINT (14.353251187259 50.9667220750515)","358605294",residential,"1",14.609109,12.718929,14.312661,185.812223,54.656076
"POINT (14.3516905631859 50.9680147651215)","358605295",house,"1",8.715365,9.800303,144.334784,85.413210,37.031334
"POINT (14.3492202001864 50.967851693796)","358605296",residential,"1",13.476103,14.883203,139.540084,200.567581,56.718613
"POINT (14.3472213880838 50.973372501867)","358605297",residential,"1",10.384335,9.690229,24.706034,100.626584,40.149128
"POINT (14.3732778297754 50.9625124804379)","358605298",residential,"1",13.009711,17.940497,104.229102,233.400669,61.900414
"POINT (14.3672784996224 50.971278344791)","358605299",residential,"1",13.353433,11.103662,142.960274,148.272005,48.914190
"POINT (14.3473706162286 50.9700950440299)","358605300",hotel,"2",23.944198,14.617275,36.687842,349.998912,77.122945
"POINT (14.3453143045442 50.9742162013812)","358605301",residential,"1",16.878358,8.104357,170.283275,136.788245,49.965431
"POINT (14.3588035243687 50.9654257066997)","358605304",house,"1",17.845018,17.724821,113.668952,316.299735,71.139676
"POINT (14.352029609657 50.9665720651913)","358605306",residential,"1",19.161460,13.862665,41.948556,265.628899,66.048250
"POINT (14.3447486058951 50.9739760288654)","358605307",residential,"1",9.256282,13.100656,90.000000,121.263366,44.713876
"POINT (14.35221795588 50.9673623431807)","358605308",residential,"1",38.223024,16.206895,127.840101,619.476520,108.859837
"POINT (14.3697669599363 50.9616297062121)","358605309",residential,"1",10.388231,13.498097,100.034860,140.221354,47.772657
"POINT (14.3769005452572 50.9636247423718)","358605311",residential,"1",11.325062,15.784425,101.159880,178.759589,54.218973
"POINT (14.3450124156782 50.9735626363673)","358605312",house,"1",9.787745,9.688601,69.801489,94.829560,38.952693
"POINT (14.3455976532785 50.9734407204064)","358605314",residential,"1",9.519602,9.431354,165.488096,89.782738,37.901912
"POINT (14.354583740296 50.9670619964517)","358605315",house,"1",10.605429,13.527532,90.501350,143.465280,48.265922
"POINT (14.3595311832971 50.9625763047198)","358605317",house,"1",9.455658,11.794560,98.337534,111.525333,42.500437
"POINT (14.3456706079653 50.9732706229171)","358605318",residential,"1",9.122305,9.456780,172.380983,86.267630,37.158170
"POINT (14.3757654396735 50.9616656771803)","358605319",house,"1",21.213439,11.525361,90.000000,244.492532,65.477599
"POINT (14.3553489160829 50.9683063508595)","358605320",residential,"1",6.953215,11.080707,121.494558,77.046539,36.067844
"POINT (14.3630225433023 50.9584536139561)","358605321",barn,,4.040848,68.711162,173.741228,277.651355,145.504019
"POINT (14.3639221927548 50.9676091998346)","358605323",house,"1",11.280450,9.044278,149.869554,102.023526,40.649456
"POINT (14.3685006564292 50.9638929263455)","358605325",residential,"1",8.677455,7.856071,118.683298,68.170704,33.067052
"POINT (14.369261264958 50.9643592834033)","358605326",residential,"3",13.259808,28.541432,116.998017,378.453894,83.602478
"POINT (14.3523694756587 50.9671448802051)","358605327",residential,"1",11.467958,15.237529,124.338288,174.743345,53.410974
"POINT (14.3481180972706 50.968711593673)","358605328",residential,"1",13.326242,10.648137,58.215676,141.899655,47.948759
"POINT (14.3747286082809 50.963906249349)","358605330",house,"1",12.920922,20.730988,102.604155,267.863484,67.303820
"POINT (14.3487034795037 50.9673547563611)","358605331",residential,"1",14.191274,10.009661,134.173498,142.049847,48.401871
"POINT (14.3690783364544 50.9595777016405)","358605333",residential,"2",13.693629,12.622804,106.550686,172.851999,52.632867
"POINT (14.3529584576694 50.9667580328665)","358605334",house,"1",13.356197,12.199567,17.682918,162.939828,51.111529
"POINT (14.3724057257269 50.9624189044799)","358605336",residential,"1",14.719407,17.833186,112.716306,262.493921,65.105186
"POINT (14.355764942878 50.9675370729235)","358605338",house,"1",12.956517,13.503063,154.424788,174.952663,52.919160
"POINT (14.3484196662188 50.9736614227408)","358605339",residential,"1",14.847620,11.985581,90.506215,177.957361,53.666403
"POINT (14.3656230472679 50.9687156867254)","358605341",residential,"1",9.149290,11.437256,149.471821,104.642774,41.173092
"POINT (14.3478451556495 50.9693905920435)","358605342",residential,"1",20.047265,20.908380,132.775173,419.155826,81.911289
"POINT (14.3582753332012 50.9655638591103)","358605343",house,"1",11.333182,9.886571,113.392549,112.046303,42.439505
"POINT (14.3450060711348 50.9740046363113)","358605344",residential,"1",9.681108,13.494855,90.000000,130.645148,46.351926
"POINT (14.3697261388861 50.9643245759463)","358605345",residential,"1",12.938471,14.100909,113.659963,182.444198,54.078759
"POINT (14.3447187659079 50.9734868582216)","358605346",residential,"1",8.984370,11.559880,166.860067,103.858243,41.088501
"POINT (14.3655148438798 50.9682373512909)","358605350",residential,"1",10.649822,10.020733,149.203537,106.719016,41.341109
"POINT (14.3604925646236 50.9724234502894)","358605351",residential,"1",10.735395,17.042339,127.602891,182.956241,55.555468
"POINT (14.369915323626 50.9634449178152)","358605352",house,"1",12.205611,14.626881,112.934719,178.530018,53.664984
"POINT (14.3698938301782 50.9622493057361)","358605353",house,"1",9.268764,12.523074,99.831956,116.073410,43.583675
"POINT (14.3595962555945 50.9611726806243)","358605354",residential,"1",9.762185,14.013840,103.166825,136.805704,47.552051
"POINT (14.3653651770652 50.9639114886811)","358605355",house,"1",9.055334,7.608399,96.946289,68.896600,33.327467
"POINT (14.3673004457898 50.9692584848518)","358605357",residential,"1",16.877572,8.494554,147.157435,143.367448,50.744252
"POINT (14.3662497556738 50.9713504387007)","358605358",residential,"1",11.211367,8.367610,93.440784,93.812350,39.157955
"POINT (14.3477835656518 50.9720573424933)","358605359",residential,"1",18.248106,19.086597,121.351520,348.294252,74.669407
"POINT (14.358013794795 50.9639143635939)","358605361",residential,"1",13.852346,10.357892,109.087931,143.481097,48.420475
"POINT (14.3588663068143 50.9644439334721)","358605362",yes,"1",7.826333,38.418026,110.549361,300.672247,92.488717
"POINT (14.3553261759903 50.9648189545395)","358605363",residential,"1",32.723803,13.071909,109.988233,427.762568,91.591424
"POINT (14.3605135333456 50.9630976680722)","358605365",house,"1",11.513692,12.204981,102.548886,140.524393,47.437346
"POINT (14.3565149851432 50.9648667337778)","358605366",residential,"1",31.524097,12.696107,110.190677,400.233310,88.440408
"POINT (14.3465710253927 50.9743732246362)","358605369",residential,"1",12.641795,9.024893,170.365746,114.090838,43.333374
"POINT (14.3484557144727 50.9689406375573)","358605371",house,"1",12.707244,9.412047,163.573998,119.601174,44.238581
"POINT (14.3482446529192 50.9685285109179)","358605373",residential,"1",13.280947,10.677309,58.795279,141.804772,47.916512
"POINT (14.3469137045832 50.9718134201068)","358605374",house,"1",16.200430,11.580084,108.505584,187.602348,55.561029
"POINT (14.3651513921811 50.9685139460881)","358605375",residential,"1",8.533703,7.699238,146.413551,65.703009,32.465882
"POINT (14.3646828971307 50.9626902074207)","358605377",house,"2",13.341159,9.766709,108.780703,130.299218,46.215736
"POINT (14.3643703661666 50.9630309767919)","358605381",residential,"1",11.290078,9.159390,102.814567,103.410224,40.898935
"POINT (14.3780724490283 50.9633669660911)","358605382",residential,"1",14.257447,11.926009,125.030184,170.034435,52.366911
"POINT (14.3644898948277 50.9678456097877)","358605383",residential,"1",11.088015,11.319773,59.412001,125.513810,44.815576
"POINT (14.3459778595897 50.9732910918213)","358605385",house,"1",12.632798,8.367267,171.538513,105.701993,42.000130
"POINT (14.36463985093 50.9639782926517)","358605386",house,"1",9.922339,10.699994,97.394787,106.168973,41.244667
"POINT (14.3557488408307 50.9684197449102)","358605389",house,"1",11.443859,9.392179,31.401138,107.482774,41.672076
"POINT (14.3651147882367 50.9649718993633)","358605392",residential,"1",11.965874,11.660355,96.234669,139.526348,47.252460
"POINT (14.3647785381206 50.9634201609694)","358605395",residential,"1",13.266306,17.990080,102.860280,238.661911,62.512773
"POINT (14.3665015617034 50.9713371837788)","358605397",residential,"1",9.959330,7.177454,93.912407,71.482633,34.273568
"POINT (14.3583249005052 50.9645552503357)","358605398",residential,"1",15.339218,12.075934,109.761817,185.235387,54.830304
"POINT (14.3659773376472 50.9713600173543)","358605399",yes,,10.796031,8.297335,93.465120,89.578287,38.186732
"POINT (14.3477344861559 50.9741323988052)","358605401",residential,"1",11.640497,17.266891,171.537297,200.995184,57.814775
"POINT (14.3457765070475 50.9730909355866)","358605408",residential,"1",9.304509,10.109692,90.000000,94.065729,38.828404
"POINT (14.35596990617 50.9648323059897)","358605409",residential,"4",34.080477,13.058099,109.887571,445.026240,94.277152
"POINT (14.3530899568942 50.9670014236403)","358605410",house,"1",19.108344,10.704592,105.190561,204.547025,59.625872
"POINT (14.3700330610559 50.9624436818088)","358605411",house,"1",9.716359,15.615826,98.363198,151.728968,50.664370
"POINT (14.3465104789614 50.9729319402582)","358605412",residential,"1",12.132178,10.411120,101.375220,126.309560,45.086596
"POINT (14.3602040695777 50.9643966533897)","358605413",house,"1",13.982808,12.351010,109.637985,172.701795,52.667635
"POINT (14.3569608786452 50.9644300439022)","358605414",house,"1",13.005276,13.009664,109.886639,169.194270,52.029880
"POINT (14.3562297671112 50.9673626682932)","358605415",residential,"1",13.156989,10.688209,94.355392,140.624641,47.690395
"POINT (14.3663525139787 50.9685818426722)","358605417",residential,"1",12.516090,9.687320,148.655875,121.247368,44.406820
"POINT (14.3456422167526 50.9742621264748)","358605418",residential,"1",12.501215,9.106367,170.366442,113.840649,43.215163
"POINT (14.3458571786389 50.9740905175621)","358605419",residential,"1",14.602097,13.207056,159.671374,192.850712,55.618306
"POINT (14.3655914925396 50.9648751569165)","358605420",residential,"1",10.090397,15.492113,115.253701,156.321574,51.165021
"POINT (14.345288835609 50.9740389632889)","358605422",residential,"1",9.680546,13.561814,90.000000,131.285766,46.484720
"POINT (14.3464954331296 50.9714764330177)","358605425",yes,,22.847559,15.827138,160.440314,361.611469,77.349394
"POINT (14.3674215517935 50.9654726551931)","358605426",house,"1",15.035323,21.756633,129.192737,327.118010,73.583913
"POINT (14.3549352784127 50.9672880340959)","358605427",residential,"1",7.880978,9.180079,174.142782,72.347999,34.122114
"POINT (14.3702021692571 50.9631947000478)","358605428",house,"1",19.645089,11.738504,111.345959,230.603962,62.767187
"POINT (14.377692832104 50.9631687098985)","358605430",residential,"1",10.137885,15.677364,90.000000,158.935318,51.630498
"POINT (14.3638083600608 50.9624539010693)","358605431",house,"1",8.505206,9.921320,92.944765,84.382863,36.853050
"POINT (14.3520553970615 50.9604990887319)","358605433",industrial,,15.655229,11.613362,165.198097,181.809835,54.537181
"POINT (14.3536685620194 50.9666613072338)","358605435",house,"1",10.456452,17.090677,106.143324,178.707855,55.094260
"POINT (14.3598063721275 50.9644995642163)","358605437",residential,"1",9.575787,10.154429,107.034438,97.236656,39.460433
"POINT (14.3666526735199 50.9645207268202)","358605439",residential,"1",12.481456,16.341361,120.191755,203.963976,57.645634
"POINT (14.3496858020146 50.9674870938195)","358605440",house,"1",15.114893,13.016336,43.988532,196.740531,56.262459
"POINT (14.3531141878558 50.9673636650566)","358605443",house,"1",13.044000,14.678383,99.201929,191.464821,55.444765
"POINT (14.3460569719036 50.9743096978194)","358605444",residential,"1",12.513318,8.796168,169.658346,110.069246,42.618972
"POINT (14.3641274088383 50.9681508458234)","358605447",yes,,12.289698,10.753451,66.313793,132.156676,46.086300
"POINT (14.365421776222 50.9665949660997)","358605448",residential,"1",10.335028,10.164624,132.636062,105.051673,40.999304
"POINT (14.3462380613511 50.9741334587202)","358605449",residential,"1",16.136142,13.514495,177.490249,218.071809,59.301274
"POINT (14.3575659329795 50.9632863047276)","358605451",residential,"1",13.438380,17.314017,116.592353,232.672333,61.504793
"POINT (14.3642707009438 50.967387764223)","358605453",house,"1",10.603663,7.799235,113.585874,82.700463,36.805797
"POINT (14.3529717739168 50.9677149175119)","358605454",house,,14.785443,10.914044,126.405920,161.368964,51.398972
"POINT (14.3585202170546 50.9632963231541)","358605457",industrial,,30.858040,20.617667,109.761162,636.220797,102.951414
"POINT (14.3743827349148 50.9625789174216)","358605458",yes,,29.581830,15.096537,176.437871,446.583194,89.356734
"POINT (14.3645777495627 50.9637411140237)","358605459",residential,"1",9.785651,9.209178,93.490189,90.117803,37.989658
"POINT (14.3782968455074 50.9624543624523)","358605460",residential,"1",23.289835,21.777363,90.000000,507.191191,90.134396
"POINT (14.3621772645587 50.9669964585768)","416598703",garage,"1",28.479700,12.450005,145.357467,354.572411,81.859411
"POINT (14.3536202023631 50.9675863596666)","416598704",yes,,6.102964,7.909936,103.250051,48.274055,28.025800
"POINT (14.3599677085795 50.9655265808179)","416598705",yes,,6.122525,3.593723,113.391218,22.002655,19.432494
"POINT (14.3530578613281 50.966211318971)","416598706",garage,"1",2.969519,6.161171,90.502537,18.295717,18.261381
"POINT (14.3543095588778 50.9671154022235)","416598707",yes,,4.275434,3.104094,98.514421,13.271348,14.759055
"POINT (14.3517198562688 50.9679222107028)","416598708",yes,"1",5.043028,6.764952,53.800383,34.115845,23.615961
"POINT (14.353147029864 50.9661579132092)","416598709",garage,,2.969519,6.228146,90.502467,18.494599,18.395330
"POINT (14.3537530896798 50.9660224915543)","416598710",yes,,26.301454,12.456327,90.501996,327.619514,77.515562
"POINT (14.3516822256471 50.9666778843633)","416598711",yes,,4.905563,9.192093,128.876548,45.092395,28.195313
"POINT (14.3515439033557 50.9677581787262)","416598712",yes,,5.212208,9.084829,144.240500,47.352020,28.594074
"POINT (14.3513908386165 50.966949462911)","416598713",yes,,8.405107,8.495201,131.127220,71.403070,33.800615
"POINT (14.3600177764771 50.9654674530108)","416598714",yes,,5.192001,5.985766,115.908600,31.078105,22.355535
"POINT (14.3591934486076 50.9648261220915)","416598715",yes,,9.245181,12.990902,115.697058,120.103243,44.472166
"POINT (14.355812884779 50.967681111148)","416598716",yes,,10.408031,7.006343,165.197485,72.922232,34.828747
"POINT (14.3537528815058 50.9664725015517)","416598717",yes,,16.475181,6.010623,105.287429,99.026111,44.971609
"POINT (14.3517316129061 50.9676407049555)","416598718",yes,,13.293716,8.462025,145.114667,112.491761,43.511482
"POINT (14.3635845184177 50.9640979766907)","416598719",yes,,5.976636,3.928476,96.726953,23.479075,19.810226
"POINT (14.3534011664362 50.9662404934292)","416598720",garage,,6.360833,3.394397,179.371825,21.591191,19.510459
"POINT (14.3524403572614 50.9673271179253)","416598721",yes,,14.767074,6.790129,122.534999,100.270331,43.114405
"POINT (14.3619790077103 50.96611976625)","416598722",yes,,8.169241,5.873057,122.481528,47.978420,28.084596
"POINT (14.3581461906053 50.9645938873522)","416598723",yes,,10.676343,7.297119,107.590690,77.906540,35.946923
"POINT (14.3642959461528 50.9665215927119)","416598724",yes,,10.406856,9.232527,125.385028,96.081577,39.278766
"POINT (14.3540199425337 50.9666251945367)","416598725",yes,,5.580951,4.663869,96.243508,26.028826,20.489641
"POINT (14.3636748928722 50.9640541222781)","416598726",yes,,4.267873,8.281171,96.374735,35.342985,25.098088
"POINT (14.3548921281996 50.9671370028476)","416598727",yes,,3.311821,4.735079,170.729876,15.681730,16.093798
"POINT (14.3543120944277 50.9668865306465)","416598728",yes,,8.927522,17.143502,93.357042,153.048991,52.142048
"POINT (14.3513087816476 50.9676857176832)","416598729",yes,,4.702458,6.688026,125.643959,31.450162,22.780968
"POINT (14.3632143388785 50.9648167421609)","416598730",house,"1",16.075066,15.265197,105.892440,245.389061,62.680528
"POINT (14.3607439994811 50.967014312748)","416598731",yes,,5.090602,6.228031,90.496572,31.704426,22.637266
"POINT (14.3585748673227 50.96493721008)","416598732",barn,"2",9.404502,13.226289,109.211248,124.386665,45.261583
"POINT (14.3560142516544 50.9673728943038)","416598733",yes,,11.029642,7.500366,90.500249,82.726350,37.060016
"POINT (14.3499017098332 50.9683754398396)","416599960",yes,,11.930483,15.584018,128.408602,185.924859,55.029002
"POINT (14.3502364158421 50.9683208466475)","416599961",yes,,16.222756,19.385965,133.314156,314.493779,71.217442
"POINT (14.34927784919 50.9688623544841)","416599962",yes,,21.813742,16.382466,146.131686,357.362881,76.392416
"POINT (14.3493155964059 50.9686932136979)","416599963",yes,,38.865352,17.888770,143.218862,695.253366,113.508246
"POINT (14.3756217956534 50.9615039825798)","417109553",yes,,15.695990,6.965503,90.484976,109.330463,45.322986
"POINT (14.3702397346587 50.9627170562783)","417109557",yes,,4.230800,9.481495,136.450345,40.114311,27.424591
"POINT (14.3714977888553 50.9645804476058)","417109560",yes,,9.560872,7.997140,102.913265,76.459630,35.116024
"POINT (14.3507636100653 50.9638504119296)","512566937",industrial,,3.898607,5.348118,64.580570,20.850210,18.493450
"POINT (14.3777503967284 50.9625797271821)","512566945",barn,,8.060103,11.385645,90.483330,91.769472,38.891496
"POINT (14.3685366639828 50.9593466305087)","512566946",yes,"1",6.227310,8.048672,108.926045,50.121573,28.551963
"POINT (14.3702853293739 50.9636151601513)","512566947",garage,"1",12.911751,6.559370,118.316291,84.692957,38.942243
"POINT (14.3656005859508 50.9644012451239)","512566948",yes,,4.025725,6.340124,173.421835,25.523600,20.731700
"POINT (14.3636803101614 50.9623833412606)","512566949",yes,"1",4.289584,11.804376,98.826021,50.635866,32.187921
"POINT (14.357679367115 50.963882446288)","512566950",yes,"1",9.448109,8.816403,110.322262,83.298336,36.529024
"POINT (14.3599938834635 50.9643866875114)","512566951",yes,"1",6.860181,4.087536,108.637689,28.041241,21.895435
"POINT (14.360070578157 50.9645120177867)","512566952",garage,"1",3.648334,4.859692,111.498642,17.729779,17.016052
"POINT (14.3604340552935 50.9650230408353)","512566953",yes,,20.401746,6.581183,113.855696,134.267620,53.965857
"POINT (14.3706519134289 50.9701369278317)","512566954",yes,"1",5.775369,4.223379,148.220260,24.391574,19.997497
"POINT (14.3658580780104 50.968774795537)","512566955",garage,"1",3.963573,6.026314,148.223205,23.885735,19.979774
"POINT (14.3580861813197 50.9655514842601)","512566956",garage,"1",5.601459,3.388584,113.392689,18.981013,17.980085
"POINT (14.3585677147176 50.9655055999779)","512566957",yes,"1",8.581346,4.892020,111.213553,41.980113,26.946731
"POINT (14.3525937440664 50.9656470599355)","512566958",garage,"1",5.959068,10.469010,123.257712,62.385540,32.856156
"POINT (14.3529081344511 50.9655876159804)","512566959",yes,"1",8.843722,4.172636,117.845941,36.901634,26.032716
"POINT (14.3558802604891 50.9678592681961)","512566960",garage,,4.905109,6.933948,177.112572,34.011766,23.678113
"POINT (14.3551255644541 50.968047831477)","512566961",garage,"1",3.896346,5.803661,162.348638,22.613073,19.400015
"POINT (14.3531045493621 50.9671629991172)","512566962",yes,,6.471866,3.216885,99.079481,20.819251,19.377503
"POINT (14.3503379401486 50.9680991733641)","512566963",yes,"2",5.664131,8.626636,126.669025,48.862399,28.581535
"POINT (14.3741958120143 50.9641497935542)","552106265",yes,,4.116434,4.176824,113.379540,17.193620,16.586516
"POINT (14.3689799309177 50.9593353271512)","569883004",garage,"1",7.831951,7.627158,103.346886,59.735529,30.918218
"POINT (14.3688768452696 50.9599129623055)","569883005",yes,"2",4.693643,12.912240,101.858965,60.605443,35.211766
"POINT (14.3641118739778 50.9633502526018)","569904987",garage,"1",3.875290,5.773171,99.171969,22.372713,19.296923
"POINT (14.3648771430008 50.9636230535571)","569904988",garage,"1",5.975750,6.668035,97.934112,39.846509,25.287570
"POINT (14.3629450797816 50.9644756317151)","569904989",yes,"1",2.969516,10.782440,90.494845,32.018631,27.503913
"POINT (14.3623552322438 50.9670944213935)","569904990",garage,"1",4.643757,5.114870,146.950065,23.752214,19.517254
"POINT (14.3531451225426 50.9662399292009)","569905039",garage,"1",3.393736,6.228135,90.502469,21.136647,19.243742
"POINT (14.3531470298767 50.9661312103285)","569905042",garage,"1",2.969519,6.228151,90.502467,18.494614,18.395341
"POINT (14.3530588150025 50.9661579132093)","569905045",garage,"1",2.969519,6.161178,90.502536,18.295737,18.261395
"POINT (14.3530592747508 50.9661298493939)","569905048",garage,"1",6.159979,3.394397,179.372086,20.909414,19.108752
"POINT (14.353058338178 50.9661846160902)","569905051",garage,"1",2.969519,6.228142,90.502536,18.494589,18.395323
"POINT (14.3530573845056 50.9662399292009)","569905055",garage,"1",3.393736,6.228135,90.502537,21.136648,19.243742
"POINT (14.3548502922035 50.9681873321774)","569905058",yes,"1",12.099679,6.123147,129.663004,74.088110,36.445652
"POINT (14.355879783624 50.9691238403388)","569905061",garage,"1",4.162215,6.077515,124.905845,25.295922,20.479459
"POINT (14.355913639115 50.9688529968288)","569905064",house,"2",12.076644,7.886265,123.379586,95.239616,39.925818
"POINT (14.3455986976623 50.9720706939708)","658314153",chapel,,2.969524,3.013239,90.508373,8.947885,11.965526
"POINT (14.3534019258994 50.9661846175576)","667169144",garage,,3.763210,6.298590,90.000000,23.702916,20.123600
"POINT (14.3534016609051 50.9662132263196)","667169145",garage,,6.303070,3.252455,179.210377,20.500449,19.111049
"POINT (14.3577887085005 50.9678043387866)","667169146",industrial,,2.993665,3.189222,46.192538,9.547464,12.365775
"POINT (14.3627081710368 50.9678163774012)","667169147",yes,,4.323366,2.908813,134.757301,12.575861,14.464357
"POINT (14.3643518753444 50.9678839309911)","667169148",yes,"1",3.580760,5.802307,59.571710,20.776671,18.766135
"POINT (14.365382671362 50.9680862426843)","667169149",garage,"1",4.134629,6.480619,149.228944,26.794957,21.230497
"POINT (14.3654551505892 50.9683189392044)","667169153",yes,"1",7.301947,5.591277,150.635822,40.827207,25.786448
"POINT (14.3662949007816 50.968664681888)","667169157",yes,"1",15.323972,7.375025,149.038360,113.014681,45.397994
"POINT (14.3657592514931 50.9687261707904)","667169160",garage,"1",3.782136,6.394040,151.306260,24.183130,20.352353
"POINT (14.3627817945252 50.9681983337659)","667169163",yes,"1",8.535212,5.019386,133.677446,42.841521,27.109196
"POINT (14.3671921066022 50.9685047428988)","667169166",garage,"1",7.562801,5.754526,144.830838,43.520335,26.634654
"POINT (14.3599815368814 50.9609451293963)","667169170",garage,,5.163148,4.554538,101.525019,23.515755,19.435373
"POINT (14.3606110007905 50.9640179499055)","667169173",yes,"1",3.558304,7.601796,106.984930,27.049502,22.320201
"POINT (14.3638625144776 50.9630470275932)","667169177",garage,"1",3.558224,9.075577,106.909519,32.292938,25.267603
"POINT (14.36628377621 50.9640274256536)","667169180",garage,"1",3.538978,6.326269,106.215237,22.388526,19.730494
"POINT (14.366269670959 50.9639969565444)","667169183",garage,"1",3.538827,6.326303,106.050870,22.387694,19.730261
"POINT (14.3662557601801 50.963966369633)","667169184",garage,,3.538828,6.383800,106.050871,22.591167,19.845255
"POINT (14.366241814565 50.9639358729148)","667169185",garage,"1",3.538978,6.326281,106.215239,22.388570,19.730518
"POINT (14.3700132462901 50.9614124713747)","667169186",yes,"1",6.422487,6.178291,98.501207,39.679992,25.201555
"POINT (14.3571124076946 50.9712924957271)","667170023",yes,,2.601054,6.101651,102.553661,15.870724,17.405410
"POINT (14.3569428683638 50.970386654919)","667170024",barn,,4.403466,5.299240,132.645004,23.335020,19.405411
"POINT (14.3522024154962 50.9624576568709)","667170027",garage,"1",7.146428,6.950712,169.884636,49.672764,28.194280
"POINT (14.352187606895 50.9625101887159)","667170028",yes,"2",7.362124,6.018609,168.615781,44.309746,26.761466
